lip x,lip y
1.153839416524063107e-03,2.699999999999999969e-02
