lip x,lip y
1.075862751519810487e-03,2.699999999999999969e-02
