lip x,lip y
2.393148419457313825e-03,5.600000000000000117e-02
