lip x,lip y
2.276292537665986025e-03,3.350000000000000200e-02
